{
  "n": 16,
  "determinant": -5.757955560783508e+23,
  "condition_number": 11.261923416543658,
  "max_GS_norm": 35.94989227655649,
  "sigma": 53.92483841483474,
  "time_per_sample_ms": 0.813140721321106,
  "quality_metrics": {
    "x1_mean": 4e-05,
    "x1_std": 2.5635288175480904,
    "x1_range": [
      -10,
      11
    ],
    "mean_magnitude": 0.006897499999999999,
    "std_uniformity": 0.288866764403095,
    "sample_diversity": 1.0,
    "all_means": [
      4e-05,
      -0.00266,
      -0.012,
      0.0143,
      -0.00084,
      -0.00962,
      0.01104,
      0.00014,
      -0.00464,
      0.00952,
      -0.00296,
      0.01184,
      -0.00412,
      0.01528,
      0.01044,
      -0.00092
    ],
    "all_stds": [
      2.5635288175480904,
      3.310723927542618,
      1.9384261657332147,
      3.412643478301939,
      3.8804534908178017,
      2.3824121086832784,
      2.9333390732066627,
      2.215089158566456,
      3.960153844285633,
      1.8559173929894963,
      2.583073990113328,
      1.6078494377271555,
      1.8180162335908856,
      3.530162393091859,
      4.245591950058068,
      2.581975823589169
    ],
    "all_ranges": [
      21,
      26,
      16,
      29,
      34,
      19,
      24,
      18,
      34,
      16,
      21,
      14,
      15,
      30,
      35,
      20
    ]
  },
  "seed": 0,
  "additional_info": {
    "sampling_time_total": 40.6570360660553,
    "gs_norms": [
      32.93933818400121,
      32.29088698825846,
      33.43799107028352,
      35.94989227655649,
      35.03833956041962,
      33.084048518491684,
      33.816249436860296,
      33.11057684542237,
      30.31589842097282,
      27.944711874775468,
      27.473640819198952,
      27.442395187060818,
      27.515014782165668,
      26.09322930802632,
      26.628228816508148,
      28.41405203640683
    ],
    "sigma_multiplier": 1.5
  }
}