{
  "n": 32,
  "determinant": -7.565075974665876e+52,
  "condition_number": 47.37436903544591,
  "max_GS_norm": 74.444610281739,
  "sigma": 111.6669154226085,
  "time_per_sample_ms": 2.3237007188797,
  "quality_metrics": {
    "x1_mean": 0.00346,
    "x1_std": 5.134133620037989,
    "x1_range": [
      -21,
      23
    ],
    "mean_magnitude": 0.0175125,
    "std_uniformity": 0.3879640027183569,
    "sample_diversity": 1.0,
    "all_means": [
      0.00346,
      -0.01618,
      -0.01642,
      0.00226,
      -0.00646,
      0.00458,
      0.00996,
      0.02704,
      -0.01996,
      0.01702,
      -0.02078,
      -0.02626,
      0.01778,
      0.01546,
      0.02046,
      -0.01016,
      0.01614,
      -0.01218,
      -0.01894,
      0.03422,
      -0.00406,
      -0.02926,
      -0.00894,
      -0.0173,
      -0.01262,
      0.02094,
      0.0167,
      -0.03844,
      0.01576,
      0.05036,
      -0.01866,
      -0.01164
    ],
    "all_stds": [
      5.134133620037989,
      4.690803578023719,
      4.187207946063972,
      7.60851463114846,
      11.844042311153489,
      11.658490426448793,
      3.9985823485828136,
      7.216214301030735,
      8.111542491930773,
      5.1367081209274295,
      7.95935852890151,
      7.57399038898261,
      10.58934293861543,
      6.0834448290750975,
      5.1020311042173105,
      5.582502733935599,
      7.141767253306515,
      4.083948046632957,
      6.065794364829751,
      10.217919993403797,
      3.961384040508886,
      6.619145250891486,
      13.95753775120785,
      4.087639992709903,
      8.330249740289858,
      4.234772900215391,
      5.713372131237022,
      9.321851874300686,
      5.201787348825212,
      11.367067514112938,
      3.775059178926463,
      5.939470052992749
    ],
    "all_ranges": [
      44,
      39,
      40,
      65,
      108,
      94,
      34,
      62,
      69,
      43,
      68,
      61,
      85,
      47,
      43,
      48,
      62,
      34,
      54,
      85,
      33,
      57,
      107,
      36,
      73,
      34,
      47,
      80,
      50,
      96,
      30,
      50
    ]
  },
  "seed": 0,
  "additional_info": {
    "sampling_time_total": 116.18503594398499,
    "gs_norms": [
      74.444610281739,
      73.22714595262235,
      73.16417891903946,
      70.29679196250927,
      68.1040835795382,
      61.3262719922771,
      59.83737457706219,
      60.37598731228527,
      56.68164714399397,
      54.27012587593387,
      51.30678745151396,
      52.51814106165234,
      49.29216881649992,
      46.11448010249174,
      46.327181731856896,
      43.893640860861765,
      44.657290018184675,
      40.89670604857401,
      39.56321037542087,
      36.341967090484104,
      40.377905027614176,
      36.52529520541001,
      33.413155897203396,
      32.8252269466853,
      34.17019059427144,
      33.415942391403206,
      32.98182117233765,
      30.884643087493597,
      33.08893951338954,
      30.78029001817421,
      29.886404754629485,
      31.037466661388468
    ],
    "sigma_multiplier": 1.5
  }
}