{
  "n": 64,
  "determinant": -8.541488769786015e+118,
  "condition_number": 155.76522706358642,
  "max_GS_norm": 140.62005546862795,
  "sigma": 210.93008320294194,
  "time_per_sample_ms": 7.0384527826309204,
  "quality_metrics": {
    "x1_mean": 0.00402,
    "x1_std": 6.606893660382348,
    "x1_range": [
      -28,
      26
    ],
    "mean_magnitude": 0.043580625000000005,
    "std_uniformity": 0.27948241259878553,
    "sample_diversity": 1.0,
    "all_means": [
      0.00402,
      -0.0194,
      0.0809,
      0.01644,
      -0.0286,
      -0.0369,
      -0.09686,
      -0.0923,
      0.04022,
      0.0891,
      0.02416,
      0.0743,
      -0.01578,
      -0.0365,
      -0.0329,
      -0.01334,
      0.04522,
      0.13824,
      -0.07752,
      0.00702,
      -0.02926,
      -0.08296,
      0.06706,
      -0.00028,
      0.10588,
      0.0522,
      -0.03876,
      -0.00888,
      0.00824,
      -0.02914,
      -0.04408,
      0.0711,
      0.03104,
      0.06834,
      0.03432,
      0.0315,
      0.00952,
      -0.02098,
      -0.06762,
      0.05426,
      0.0207,
      -0.0086,
      -0.05436,
      -0.00432,
      0.05566,
      0.06264,
      0.02932,
      0.02926,
      -0.02808,
      -0.0047,
      0.03314,
      -0.03066,
      -0.06436,
      -0.0235,
      -0.00186,
      -0.00624,
      -0.04066,
      0.06298,
      -0.04126,
      -0.07044,
      0.11428,
      0.10794,
      -0.00792,
      0.06114
    ],
    "all_stds": [
      6.606893660382348,
      11.386403454998304,
      16.977354186974658,
      12.960441725743843,
      11.323161309459039,
      8.23336737853988,
      17.86935919781135,
      19.05322704189516,
      9.77475536019172,
      17.202587049336245,
      25.855516554391315,
      15.245213659047371,
      7.1070367236703635,
      11.107612153383705,
      13.978635755680772,
      13.896126152435661,
      20.52508258574413,
      18.37021855347353,
      12.555404838140813,
      9.746649204706449,
      16.371972509517626,
      14.366715617648957,
      15.286956628328358,
      10.019586813915964,
      18.987232273967876,
      9.07282068377835,
      12.055072694198662,
      21.439682860191713,
      13.039853223959119,
      11.917320624216568,
      16.369909497416238,
      17.48843288548179,
      10.328728698073164,
      12.087412859847612,
      19.838542843101383,
      8.523956109107944,
      13.545063653213475,
      15.530355431850383,
      14.205589306170937,
      19.45967101089873,
      14.021302061862778,
      20.680188733181378,
      10.201457003310852,
      9.623744662946997,
      10.160801246181142,
      19.213227636979298,
      10.820548060870186,
      18.534330412841975,
      10.923499966292676,
      10.959625810674604,
      11.893189721029405,
      15.825974850365531,
      12.64338948978474,
      14.838464467390112,
      13.152617098524372,
      13.089820512993947,
      16.644086239995275,
      11.50816638390328,
      10.414245897442786,
      12.724760045139933,
      16.675067018803578,
      13.387569195204938,
      10.984391529511056,
      19.51309718882159
    ],
    "all_ranges": [
      54,
      99,
      154,
      109,
      92,
      70,
      159,
      168,
      78,
      143,
      233,
      122,
      63,
      91,
      116,
      120,
      177,
      158,
      106,
      79,
      140,
      119,
      123,
      84,
      155,
      72,
      110,
      186,
      112,
      103,
      140,
      155,
      93,
      100,
      162,
      69,
      111,
      126,
      118,
      161,
      115,
      182,
      82,
      84,
      84,
      157,
      95,
      155,
      93,
      92,
      101,
      137,
      109,
      130,
      114,
      110,
      142,
      102,
      89,
      111,
      139,
      114,
      93,
      161
    ]
  },
  "seed": 0,
  "additional_info": {
    "sampling_time_total": 351.922639131546,
    "gs_norms": [
      140.62005546862795,
      129.72329691117554,
      124.07476459219139,
      128.21374513968746,
      116.77373579103335,
      114.70171658586708,
      120.21147825201733,
      112.9114267512996,
      110.94584836554786,
      104.62701341849748,
      101.10749926459313,
      99.31668752772134,
      95.99819459497478,
      100.27099001438975,
      99.87173538562409,
      97.97231446719307,
      93.01923889106637,
      88.14734282245774,
      93.76107523280385,
      96.52793746907486,
      89.2307800826059,
      89.84255220563948,
      89.53522073045994,
      86.12547640626393,
      85.81508775056507,
      87.31844501177392,
      90.64648988592538,
      90.01038031739583,
      89.05790047516835,
      85.09932218493414,
      83.91035897027537,
      83.22692021059224,
      78.6591119944659,
      76.42343255790169,
      78.23098470027912,
      72.6237505420434,
      70.53729310874152,
      62.783395871141785,
      66.22799680706392,
      67.13225047687637,
      62.79231763478433,
      62.329494141352384,
      61.3756530139687,
      59.12537918385239,
      58.68166669990897,
      61.25524221085032,
      54.87182054574934,
      54.53317429331005,
      48.74547140391554,
      51.20462835811604,
      46.97636407064657,
      49.3748998298596,
      46.39715016002531,
      44.485912127648255,
      43.079637711426365,
      41.07112958929181,
      39.766272170971455,
      42.17243861928025,
      38.994531178975805,
      39.06854693625347,
      38.60752004538128,
      35.12638215784284,
      36.56431588849464,
      36.103639334063985
    ],
    "sigma_multiplier": 1.5
  }
}